SYMBOL,NAME_OF_COMPANY,SERIES,DATE_OF_LISTING,PAID_UP_VALUE,ISIN_NUMBER,FACE_VALUE
PURPLEUTED,Purple United Sales Limited,ST,18-Dec-24,10,INE0P5R01014,10,
SFML,Supreme Facility Management Limited,ST,18-Dec-24,10,INE0U6N01014,10,
DHANLAXMI,Dhanlaxmi Crop Science Limited,ST,16-Dec-24,10,INE0V9V01010,10,
ETML,Emerald Tyre Manufacturers Limited,ST,12-Dec-24,10,INE0RHD01013,10,
GANESHIN,Ganesh Infraworld Limited,ST,06-Dec-24,5,INE0TVT01024,5,
AGARWALTUF,Agarwal Toughened Glass India Limited,SM,05-Dec-24,10,INE0P8X01016,10,
APEXECO,Apex Ecotech Limited,SM,04-Dec-24,10,INE0T4V01015,10,
ABHAPOWER,Abha Power and Steel Limited,SM,04-Dec-24,10,INE0UYG01015,10,
C2C,C2C Advanced Systems Limited,SM,03-Dec-24,10,INE0U7V01015,10,
RAJPUTANA,Rajputana Biodiesel Limited,SM,03-Dec-24,10,INE0VHU01019,10,
ITTL,Innovative Tyres & Tubes Limited,ST,02-Dec-24,10,INE070Y01023,10,
LAMOSAIC,Lamosaic India Limited,SM,29-Nov-24,10,INE0R0201012,10,
ONYX,Onyx Biotec Limited,SM,22-Nov-24,10,INE0WVU01018,10,
NEELAM,Neelam Linens and Garments (India) Limited,ST,18-Nov-24,10,INE0N1401016,10,
USHAFIN,Usha Financial Services Limited,SM,31-Oct-24,10,INE0LS001014,10,
UHTL,United Heat Transfer Limited,ST,29-Oct-24,10,INE0SMR01011,10,
DANISH,Danish Power Limited,SM,29-Oct-24,10,INE0YU901016,10,
OBSCP,OBSC Perfection Limited,ST,29-Oct-24,10,INE0YHV01011,10,
PREMIUM,Premium Plast Limited,SM,28-Oct-24,10,INE0M1F01011,10,
FRESHARA,Freshara Agro Exports Limited,SM,24-Oct-24,10,INE0SFW01015,10,
LAKSHYA,Lakshya Powertech Limited,SM,23-Oct-24,10,INE0VZS01015,10,
PRANIK,Pranik Logistics Limited,SM,17-Oct-24,10,INE0VJG01014,10,
PARAMOUNT,Paramount Dye Tec Limited,SM,08-Oct-24,10,INE0TG801013,10,
HVAX,HVAX Technologies Limited,SM,07-Oct-24,10,INE0TO501019,10,
SAJHOTELS,Saj Hotels Limited,SM,07-Oct-24,10,INE00MT01022,10,
DIVYADHAN,Divyadhan Recycling Industries Limited,SM,04-Oct-24,10,INE0QYI01019,10,
SAHASRA,Sahasra Electronic Solutions Limited,SM,04-Oct-24,10,INE0RBQ01018,10,
FORGEAUTO,Forge Auto International Limited,SM,04-Oct-24,10,INE0YKW01013,10,
TECHERA,TechEra Engineering (India) Limited,ST,03-Oct-24,10,INE0JQS01019,10,
UNILEX,Unilex Colours and Chemicals Limited,SM,03-Oct-24,10,INE0B2801011,10,
THESL,Thinking Hats Entertainment Solutions Limited,ST,03-Oct-24,10,INE0SHE01019,10,
RAPPID,Rappid Valves (India) Limited,SM,30-Sep-24,10,INE0MVO01012,10,
WOL3D,Wol 3D India Limited,SM,30-Sep-24,10,INE0OO201011,10,
SDREAMS,S D Retail Limited,SM,27-Sep-24,10,INE0X6F01017,10,
PHOGLOBAL,Phoenix Overseas Limited,ST,27-Sep-24,10,INE0FPO01018,10,
BIKEWO,Bikewo Green Tech Limited,SM,27-Sep-24,10,INE0SQH01013,10,
AVIANSH,Avi Ansh Textile Limited,SM,27-Sep-24,10,INE0TFB01017,10,
KALANA,Kalana Ispat Limited,SM,26-Sep-24,10,INE0T0L01014,10,
PSFL,Paramount Speciality Forgings Limited,SM,25-Sep-24,10,INE0Q6001012,10,
ENVIRO,Envirotech Systems Limited,SM,24-Sep-24,10,INE0SUH01015,10,
OSELDEVICE,Osel Devices Limited,SM,24-Sep-24,10,INE0RMF01018,10,
PELATRO,Pelatro Limited,SM,24-Sep-24,10,INE0VG601013,10,
DECCANTRAN,Deccan Transcon Leasing Limited,ST,24-Sep-24,10,INE0S7C01019,10,
EXCELLENT,Excellent Wires and Packaging Limited,SM,19-Sep-24,10,INE0Y4801011,10,
INNOMET,Innomet Advanced Materials Limited,SM,18-Sep-24,10,INE0S1D01010,10,
SPPPOLY,SPP Polymer Limited,ST,17-Sep-24,10,INE0QR801013,10,
GAJANAND,Gajanand International Limited,ST,16-Sep-24,10,INE0QTE01018,10,
AUSL,Aditya Ultra Steel Limited,SM,16-Sep-24,10,INE01YQ01013,10,
SHUBHSHREE,Shubhshree Biofuels Energy Limited,ST,16-Sep-24,10,INE0UL701015,10,
VIESL,Vision Infra Equipment Solutions Limited,SM,13-Sep-24,10,INE0TR001017,10,
MYMUDRA,My Mudra Fincorp Limited,SM,12-Sep-24,10,INE0RVQ01016,10,
NAMOEWASTE,Namo eWaste Management Limited,ST,11-Sep-24,10,INE08NZ01012,10,
JEYYAM,Jeyyam Global Foods Limited,SM,09-Sep-24,5,INE0RXB01022,5,
BOSS,Boss Packaging Solutions Limited,ST,06-Sep-24,10,INE0QNI01012,10,
AERON,Aeron Composite Limited,SM,04-Sep-24,10,INE0WL801011,10,
PARAMATRIX,Paramatrix Technologies Limited,SM,04-Sep-24,10,INE0S2W01018,10,
JAYBEE,Jay Bee Laminations Limited,ST,03-Sep-24,10,INE0SMY01017,10,
IPHL,Indian Phosphate Limited,ST,03-Sep-24,10,INE0DHF01018,10,
VDEAL,Vdeal System Limited,SM,03-Sep-24,10,INE0U2M01015,10,
QVCEL,QVC Exports Limited,ST,28-Aug-24,10,INE0KZF01015,10,
IDEALTECHO,Ideal Technoplast Industries Limited,SM,28-Aug-24,10,INE0T9I01011,10,
BRACEPORT,Brace Port Logistics Limited,ST,26-Aug-24,10,INE0R4Z01018,10,
FORCAS,Forcas Studio Limited,ST,26-Aug-24,10,INE0U2501017,10,
BALCO,Solve Plastic Products Limited,ST,21-Aug-24,10,INE0U0201016,10,
SUNLITE,Sunlite Recycling Industries Limited,SM,20-Aug-24,10,INE0U2N01013,10,
POSITRON,Positron Energy Limited,ST,20-Aug-24,10,INE0S3H01017,10,
AESTHETIK,Aesthetik Engineers Limited,SM,16-Aug-24,10,INE0TSF01011,10,
PPSL,Picturepost Studios Limited,SM,09-Aug-24,1,INE0YAL01017,1,
DHARIWAL,Dhariwalcorp Limited,SM,08-Aug-24,10,INE0YRN01017,10,
UTSSAV,Utssav CZ Gold Jewels Limited,ST,07-Aug-24,10,INE06IJ01010,10,
ASHALOG,Ashapura Logistics Limited,ST,06-Aug-24,10,INE0LAA01017,10,
SSEGL,Sathlokhar Synergys E&C Global Limited,ST,06-Aug-24,10,INE0RFP01011,10,
RAJINDLTD,Rajputana Industries Limited,SM,06-Aug-24,10,INE0PCU01012,10,
BULKCORP,Bulkcorp International Limited,SM,06-Aug-24,10,INE0SZ301012,10,
ESPRIT,Esprit Stones Limited,SM,02-Aug-24,10,INE0SBP01018,10,
SATECH,S A Tech Software India Limited,ST,02-Aug-24,10,INE0BSN01013,10,
TROM,Trom Industries Limited,SM,01-Aug-24,10,INE0SYV01018,10,
APRAMEYA,Aprameya Engineering Limited,ST,01-Aug-24,10,INE0LQG01010,10,
CHETANA,Chetana Education Limited,SM,31-Jul-24,10,INE0U1T01012,10,
MIEL,Manglam Infra & Engineering Limited,ST,31-Jul-24,10,INE0R3101011,10,
VLINFRA,V.L.Infraprojects Limited,ST,30-Jul-24,10,INE0QXL01015,10,
RNFI,RNFI Services Limited,SM,29-Jul-24,10,INE0SA001017,10,
MACOBSTECH,Macobs Technologies Limited,SM,24-Jul-24,10,INE0R0J01010,10,
KATARIA,Kataria Industries Limited,SM,24-Jul-24,10,INE0SVY01018,10,
TUNWAL,Tunwal E-Motors Limited,SM,23-Jul-24,2,INE0OXV01027,2,
SATIPOLY,Sati Poly Plast Limited,SM,22-Jul-24,10,INE0RPM01017,10,
PRIZOR,Prizor Viztech Limited,ST,22-Jul-24,10,INE0V9N01017,10,
SAHAJSOLAR,Sahaj Solar Limited,ST,19-Jul-24,10,INE0P4701011,10,
EFFWA,Effwa Infra & Research Limited,ST,12-Jul-24,10,INE0U9101019,10,
GGBL,Ganesh Green Bharat Limited,SM,12-Jul-24,10,INE0R8C01018,10,
AMBEY,Ambey Laboratories Limited,SM,11-Jul-24,10,INE0M3I01029,10,
NEPHROCARE,Nephro Care India Limited,ST,05-Jul-24,10,INE0SUN01013,10,
DTL,Diensten Tech Limited,SM,03-Jul-24,10,INE0JRD01019,10,
DPEL,Divine Power Energy Limited,ST,02-Jul-24,10,INE0SCO01019,10,
AKIKO,Akiko Global Services Limited,SM,02-Jul-24,10,INE0PMR01017,10,
PCCL,Petro Carbon and Chemicals Limited,SM,02-Jul-24,10,INE998U01015,10,
MASON,Mason Infratech Limited,ST,01-Jul-24,10,INE0SH001010,10,
SYLVANPLY,Sylvan Plyboard (India) Limited,SM,01-Jul-24,10,INE01IH01015,10,
VISAMAN,Visaman Global Sales Limited,SM,01-Jul-24,10,INE0BHK01012,10,
SPCL,Shivalic Power Control Limited,SM,01-Jul-24,10,INE0T7B01010,10,
MEDIORG,Medicamen Organics Limited,ST,28-Jun-24,10,INE0PE401018,10,
WINNY,Winny Immigration & Education Services Limited,ST,27-Jun-24,10,INE0S9101013,10,
FALCONTECH,Falcon Technoprojects India Limited,SM,26-Jun-24,10,INE0PQK01013,10,
DURLAX,Durlax Top Surface Limited,SM,26-Jun-24,10,INE0OUW01013,10,
GPECO,GP Eco Solutions India Limited,ST,24-Jun-24,10,INE0S7E01015,10,
TBI,TBI Corn Limited,ST,07-Jun-24,10,INE0N2D01013,10,
AIMTRON,Aimtron Electronics Limited,ST,06-Jun-24,10,INE0RUV01018,10,
ZTECH,Z-Tech (India) Limited,ST,05-Jun-24,10,INE0ISZ01012,10,
BEACON,Beacon Trusteeship Limited,SM,04-Jun-24,10,INE639X01027,10,
VILAS,Vilas Transcore Limited,ST,03-Jun-24,10,INE0AZY01017,10,
GSMFOILS,GSM Foils Limited,ST,31-May-24,10,INE0SQY01018,10,
RULKA,Rulka Electricals Limited,SM,24-May-24,10,INE0R7301013,10,
HOACFOODS,Hoac Foods India Limited,SM,24-May-24,10,INE0S6S01017,10,
QUESTLAB,Quest Laboratories Limited,SM,23-May-24,10,INE0TNW01017,10,
IEML,Indian Emulsifiers Limited,SM,22-May-24,10,INE0RRU01016,10,
VERITAAS,Veritaas Advertising Limited,SM,21-May-24,10,INE0SRI01019,10,
MANDEEP,Mandeep Auto Industries Limited,SM,21-May-24,10,INE0R3T01013,10,
ABSMARINE,ABS Marine Services Limited,SM,21-May-24,10,INE0QRV01016,10,
PRLIND,Premier Roadlines Limited,SM,17-May-24,10,INE0CFG01012,10,
EMMIL,Energy Mission Machineries (India) Limited,ST,16-May-24,10,INE0S1L01013,10,
SILKFLEX,Silkflex Polymers (India) Limited,ST,15-May-24,10,INE0STN01015,10,
WINSOL,Winsol Engineers Limited,SM,14-May-24,10,INE0S3D01016,10,
REFRACTORY,Refractory Shapes Limited,ST,14-May-24,10,INE0TNX01015,10,
SLONE,Slone Infosystems Limited,ST,10-May-24,10,INE0SMA01017,10,
BIRDYS,Grill Splendour Services Limited,SM,23-Apr-24,10,INE0PC901019,10,
RBS,Ramdevbaba Solvent Limited,ST,23-Apr-24,10,INE0RJH01010,10,
DCG,DCG Cables & Wires Limited,SM,16-Apr-24,10,INE0S8401018,10,
TGL,Teerth Gopicon Limited,ST,16-Apr-24,10,INE0K6601012,10,
DRSCARGO,DRS Cargo Movers Limited,ST,10-Apr-24,10,INE0QZM01018,10,
ALUWIND,Aluwind Architectural Limited,ST,09-Apr-24,10,INE0STM01017,10,
CGRAPHICS,Creative Graphics Solutions India Limited,SM,09-Apr-24,10,INE0R7401011,10,
K2INFRA,K2 Infragen Limited,SM,08-Apr-24,10,INE0DEZ01013,10,
YASHOPTICS,Yash Optics & Lens Limited,SM,08-Apr-24,10,INE0TO601017,10,
RADIOWALLA,Radiowalla Network Limited,SM,05-Apr-24,10,INE430U01019,10,
TAC,TAC Infosec Limited,ST,05-Apr-24,10,INE0SOY01013,10,
TRUST,Trust Fintech Limited,SM,04-Apr-24,10,INE0SWN01019,10,
ASPIRE,Aspire & Innovative Advertising Limited,ST,03-Apr-24,10,INE0S7801010,10,
BLUEPEBBLE,Blue Pebble Limited,SM,03-Apr-24,10,INE0SAK01011,10,
NAMAN,Naman In-Store (India) Limited,ST,02-Apr-24,10,INE0RJM01010,10,
VISHWAS,Vishwas Agri Seeds Limited,SM,01-Apr-24,10,INE0S2E01016,10,
ENFUSE,Enfuse Solutions Limited,ST,22-Mar-24,10,INE0S3X01014,10,
ENSER,Enser Communications Limited,ST,22-Mar-24,10,INE0R9I01013,10,
AVPINFRA,AVP Infracon Limited,ST,20-Mar-24,10,INE0R9401019,10,
SIGNORIA,Signoria Creation Limited,ST,19-Mar-24,10,INE0RDE01010,10,
PRATHAM,Pratham EPC Projects Limited,ST,18-Mar-24,10,INE0QA601016,10,
SHREEKARNI,Shree Karni Fabcom Limited,SM,14-Mar-24,10,INE0S4Y01010,10,
SONAMAC,Sona Machinery Limited,ST,13-Mar-24,10,INE0Q6H01012,10,
VR,V R Infraspace Limited,ST,12-Mar-24,10,INE0QQM01017,10,
MVKAGRO,M.V.K. Agro Food Product Limited,SM,07-Mar-24,10,INE0SGC01015,10,
PURVFLEXI,Purv Flexipack Limited,SM,05-Mar-24,10,INE0R6C01012,10,
OWAIS,Owais Metal And Mineral Processing Limited,SM,04-Mar-24,10,INE0R8M01017,10,
SADHAV,Sadhav Shipping Limited,SM,01-Mar-24,10,INE0K5H01010,10,
ZENITHDRUG,Zenith Drugs Limited,ST,27-Feb-24,10,INE0QWN01013,10,
DEEM,Deem Roll Tech Limited,SM,27-Feb-24,10,INE586O01011,10,
TCL,Thaai Casting Limited,SM,23-Feb-24,10,INE0QJL01014,10,
KTL,Kalahridhaan Trendz Limited,ST,23-Feb-24,10,INE02M801018,10,
ESCONET,Esconet Technologies Limited,ST,23-Feb-24,10,INE0RQZ01017,10,
ATMASTCO,Atmastco Limited,ST,23-Feb-24,10,INE05DH01017,10,
INM,Interiors & More Limited,SM,23-Feb-24,10,INE0OPC01015,10,
WTICAB,Wise Travel India Limited,ST,19-Feb-24,10,INE623Y01011,10,
POLYSIL,Polysil Irrigation Systems Limited,SM,16-Feb-24,10,INE517M01028,10,
ALPEXSOLAR,Alpex Solar Limited,SM,15-Feb-24,10,INE0R4701017,10,
ITALIANE,Italian Edibles Limited,ST,12-Feb-24,10,INE0R7R01018,10,
BAWEJA,Baweja Studios Limited,SM,06-Feb-24,10,INE0JFJ01011,10,
MEGATHERM,Megatherm Induction Limited,SM,05-Feb-24,10,INE531R01010,10,
DHTL,Docmode Health Technologies Limited,ST,02-Feb-24,10,INE0OGG01015,10,
DELAPLEX,Delaplex Limited,SM,02-Feb-24,10,INE0SK801018,10,
FONEBOX,Fonebox Retail Limited,SM,02-Feb-24,10,INE0Q4701019,10,
LAWSIKHO,Addictive Learning Technology Limited,SM,30-Jan-24,10,INE0RDH01021,10,
KONSTELEC,Konstelec Engineers Limited,ST,30-Jan-24,10,INE0QEI01011,10,
MAXPOSURE,Maxposure Limited,SM,23-Jan-24,10,INE0ECC01022,10,
APS,Australian Premium Solar (India) Limited,ST,18-Jan-24,10,INE0P0001010,10,
IBLFL,IBL Finance Limited,ST,16-Jan-24,10,INE0O7401018,10,
KLL,Kaushalya Logistics Limited,SM,08-Jan-24,10,INE0Q2V01012,10,
KCEIL,Kay Cee Energy & Infra Limited,ST,05-Jan-24,10,INE0RCG01017,10,
HRHNEXT,HRH Next Services Limited,ST,03-Jan-24,10,INE0R3501012,10,
AKANKSHA,Akanksha Power and Infrastructure Limited,ST,03-Jan-24,10,INE0PCY01014,10,
SAIFL,Sameera Agro And Infra Limited,SM,01-Jan-24,10,INE0PZA01015,10,
INDIFRA,Indifra Limited,SM,29-Dec-23,10,INE0PS301014,10,
TECHLABS,Trident Techlabs Limited,SM,29-Dec-23,10,INE0QD201012,10,
SUPREMEPWR,Supreme Power Equipment Limited,ST,29-Dec-23,10,INE0QHG01026,10,
EFORCE,Electro Force (India) Limited,SM,27-Dec-23,10,INE0Q1W01012,10,
SHREEOSFM,Shree OSFM E-Mobility Limited,SM,21-Dec-23,10,INE02S501018,10,
SJLOGISTIC,S J Logistics (India) Limited,ST,19-Dec-23,10,INE0F3301020,10,
PRESSTONIC,Presstonic Engineering Limited,ST,18-Dec-23,10,INE0R1601012,10,
ACCENTMIC,Accent Microcell Limited,SM,15-Dec-23,10,INE0Q5D01013,10,
GRAPHISAD,Graphisads Limited,ST,13-Dec-23,10,INE0POU01017,10,
SHEETAL,Sheetal Universal Limited,SM,11-Dec-23,10,INE04VX01019,10,
CBAZAAR,Net Avenue Technologies Limited,SM,08-Dec-23,1,INE518X01015,1,
MARINETRAN,Marinetrans India Limited,ST,08-Dec-23,10,INE0P1P01017,10,
ROCKINGDCE,Rockingdeals Circular Economy Limited,SM,30-Nov-23,10,INE0PTR01012,10,
SUNREST,Sunrest Lifescience Limited,SM,20-Nov-23,10,INE0PLZ01012,10,
ROXHITECH,Rox Hi Tech Limited,SM,16-Nov-23,10,INE0PDJ01013,10,
BABAFP,Baba Food Processing (India) Limited,SM,15-Nov-23,10,INE0QW501012,10,
MICROPRO,Micropro Software Solutions Limited,SM,10-Nov-23,10,INE0PZK01014,10,
SARTELE,Sar Televenture Limited,SM,08-Nov-23,2,INE0PUC01020,2,
MAITREYA,Maitreya Medicare Limited,ST,07-Nov-23,10,INE0PLQ01011,10,
TRANSTEEL,Transteel Seating Technologies Limited,ST,06-Nov-23,10,INE0NVI01020,10,
PARAGON,Paragon Fine and Speciality Chemical Limited,ST,03-Nov-23,10,INE0N4G01012,10,
SHANTHALA,Shanthala FMCG Products Limited,SM,03-Nov-23,10,INE0Q9Q01017,10,
ONDOOR,On Door Concepts Limited,SM,01-Nov-23,10,INE00ER01015,10,
RCDL,Rajgor Castor Derivatives Limited,SM,31-Oct-23,10,INE0BZQ01011,10,
WOMANCART,Womancart Limited,ST,27-Oct-23,10,INE0Q9601016,10,
ARVINDPORT,ARVIND PORT AND INFRA LIMITED,ST,25-Oct-23,10,INE0P4T01013,10,
COMMITTED,Committed Cargo Care Limited,ST,18-Oct-23,10,INE597Z01014,10,
PLADAINFO,Plada Infotech Services Limited,SM,13-Oct-23,10,INE0PXD01014,10,
KARNIKA,Karnika Industries Limited,ST,12-Oct-23,10,INE0MGA01012,10,
SCML,Sharp Chucks and Machines Limited,SM,12-Oct-23,10,INE460Q01014,10,
OLIL,Oneclick Logistics India Limited,SM,11-Oct-23,10,INE0OPS01011,10,
CANARYS,Canarys Automations Limited,SM,11-Oct-23,2,INE0QG301017,2,
GOYALSALT,Goyal Salt Limited,SM,11-Oct-23,10,INE0QFE01017,10,
VISHNUINFR,Vishnusurya Projects and Infra Limited,ST,10-Oct-23,10,INE0PQ001012,10,
KONTOR,Kontor Space Limited,ST,10-Oct-23,10,INE0KZ301010,10,
ARABIAN,Arabian Petroleum Limited,SM,09-Oct-23,10,INE08NJ01024,10,
EFACTOR,E Factor Experiences Limited,ST,09-Oct-23,10,INE0KFF01017,10,
VINYAS,Vinyas Innovative Technologies Limited,ST,06-Oct-23,10,INE0OLS01010,10,
NEWJAISA,Newjaisa Technologies Limited,SM,05-Oct-23,5,INE0PW501021,5,
INSPIRE,Inspire Films Limited,SM,05-Oct-23,10,INE0NDX01019,10,
DIGIKORE,Digikore Studios Limited,ST,04-Oct-23,10,INE0QJ901011,10,
MAL,Mangalam Alloys Limited,SM,04-Oct-23,10,INE00C401011,10,
SAAKSHI,Saakshi Medtech and Panels Limited,SM,03-Oct-23,10,INE0PSK01027,10,
MASTER,Master Components Limited,ST,29-Sep-23,10,INE0OJM01017,10,
CELLECOR,Cellecor Gadgets Limited,ST,28-Sep-23,1,INE0OMO01025,1,
MARCO,Marco Cables & Conductors Limited,SM,28-Sep-23,10,INE0QP001012,10,
HIGREEN,Hi-Green Carbon Limited,ST,28-Sep-23,10,INE0PIC01017,10,
KODYTECH,Kody Technolab Limited,SM,27-Sep-23,10,INE0Q7P01013,10,
KEL,Kundan Edifice Limited,ST,26-Sep-23,10,INE0OWX01025,10,
MADHUSUDAN,Madhusudan Masala Limited,SM,26-Sep-23,10,INE0P6701019,10,
HOLMARC,Holmarc Opto-Mechatronics Limited,ST,25-Sep-23,10,INE0LXA01019,10,
CHAVDA,Chavda Infra Limited,SM,25-Sep-23,10,INE0PT101017,10,
UNIHEALTH,Unihealth Hospitals Limited,SM,21-Sep-23,10,INE0PRF01011,10,
JIWANRAM,Jiwanram Sheoduttrai Industries Limited,SM,18-Sep-23,10,INE0N5H01017,10,
SAROJA,Saroja Pharma Industries India Limited,SM,13-Sep-23,10,INE0PCL01011,10,
PRAMARA,Pramara Promotions Limited,SM,13-Sep-23,10,INE0O7A01017,10,
BASILIC,Basilic Fly Studio Limited,ST,11-Sep-23,10,INE0OCC01013,10,
CPS,C P S Shapers Limited,ST,07-Sep-23,10,INE0QBU01012,10,
MONOPHARMA,Mono Pharmacare Limited,SM,07-Sep-23,10,INE0OIP01012,10,
SAHAJ,Sahaj Fashions Limited,SM,06-Sep-23,10,INE013901017,10,
SEL,Sungarner Energies Limited,ST,31-Aug-23,10,INE0O3O01017,10,
CLSL,Crop Life Science Limited,SM,30-Aug-23,10,INE00NH01017,10,
SSFL,Srivari Spices And Foods Limited,ST,18-Aug-23,10,INE0ON201012,10,
YUDIZ,Yudiz Solutions Limited,ST,17-Aug-23,10,INE09FA01019,10,
SANGANI,Sangani Hospitals Limited,ST,17-Aug-23,10,INE0OVI01010,10,
ORIANA,Oriana Power Limited,SM,11-Aug-23,10,INE0OUT01019,10,
VINSYS,Vinsys IT Services India Limited,SM,11-Aug-23,10,INE0OSJ01014,10,
ZEAL,Zeal Global Services Limited,SM,09-Aug-23,10,INE0PPS01018,10,
SHRITECH,Shri Techtex Limited,SM,04-Aug-23,10,INE0OMF01015,10,
YCCL,Yasons Chemex Care Limited,SM,03-Aug-23,10,INE08S201019,10,
SERVICE,Service Care Limited,SM,26-Jul-23,10,INE0P1Q01015,10,
DRONE,Drone Destination Limited,ST,21-Jul-23,10,INE0P7201019,10,
SYNOPTICS,Synoptics Technologies Limited,SM,13-Jul-23,10,INE0BTR01012,10,
TRIDHYA,Tridhya Tech Limited,SM,13-Jul-23,10,INE0LWY01029,10,
GLOBALPET,Global Pet Industries Limited,SM,10-Jul-23,10,INE0PS501019,10,
PENTAGON,Pentagon Rubber Limited,SM,07-Jul-23,10,INE0ORS01017,10,
MAGSON,Magson Retail And Distribution Limited,SM,06-Jul-23,10,INE0O1S01012,10,
GREENCHEF,Greenchef Appliances Limited,SM,06-Jul-23,10,INE0O7P01015,10,
ESFL,Essen Speciality Films Limited,ST,06-Jul-23,10,INE0ITO01014,10,
AATMAJ,Aatmaj Healthcare Limited,SM,30-Jun-23,5,INE0OB201016,5,
VILINBIO,Vilin Bio Med Limited,SM,30-Jun-23,10,INE0L4V01013,10,
CELLPOINT,Cell Point (India) Limited,SM,28-Jun-23,10,INE0O0001013,10,
URBAN,Urban Enviro Waste Management Limited,ST,22-Jun-23,10,INE0O0201019,10,
SPECTSTM,Spectrum Talent Management Limited,ST,22-Jun-23,10,INE0OL001018,10,
KDL,Kore Digital Limited,ST,14-Jun-23,10,INE0O4R01018,10,
SAHANA,Sahana System Limited,SM,12-Jun-23,10,INE0LEX01011,10,
INFOLLION,Infollion Research Services Limited,ST,08-Jun-23,10,INE0NNZ01013,10,
PROV,Proventus Agrocom Limited,SM,05-Jun-23,10,INE0ONE01016,10,
DENTALKART,Vasa Denticity Limited,SM,02-Jun-23,10,INE0N5801013,10,
CRAYONS,Crayons Advertising Limited,SM,02-Jun-23,10,INE0OFK01019,10,
REMUS,Remus Pharmaceuticals Limited,SM,29-May-23,10,INE0O5T01011,10,
KRISHCA,Krishca Strapping Solutions Limited,SM,26-May-23,10,INE0NR701018,10,
AUROIMPEX,Auro Impex  & Chemicals Limited,SM,23-May-23,10,INE0NUL01018,10,
DENEERS,De Neers Tools Limited,ST,11-May-23,10,INE0JWV01011,10,
QUICKTOUCH,Quicktouch Technologies Limited,SM,02-May-23,10,INE0K4D01020,10,
AGUL,A G Universal Limited,SM,24-Apr-23,10,INE0O6N01012,10,
PATTECH,Pattech Fitwell Tube Components Limited,ST,21-Apr-23,10,INE0NZW01014,10,
MOS,Mos Utility Limited,ST,18-Apr-23,10,INE0N7S01010,10,
INFINIUM,Infinium Pharmachem Limited,ST,17-Apr-23,10,INE0MRE01011,10,
SOTAC,Sotac Pharmaceuticals Limited,SM,13-Apr-23,10,INE0O2D01012,10,
NIRMAN,Nirman Agri Genetics Limited,ST,28-Mar-23,10,INE0OK701014,10,
QFIL,Quality Foils (India) Limited,SM,24-Mar-23,10,INE0O1M01015,10,
VELS,Vels Film International Limited,SM,22-Mar-23,10,INE0I3H01019,10,
MCON,Mcon Rasayan India Limited,SM,20-Mar-23,10,INE0O4M01019,10,
SYSTANGO,Systango Technologies Limited,SM,15-Mar-23,10,INE0O7R01011,10,
VERTEXPLUS,Vertexplus Technologies Limited,SM,15-Mar-23,10,INE0NLB01018,10,
SRIVASAVI,Srivasavi Adhesive Tapes Limited,SM,09-Mar-23,10,INE0NPI01014,10,
VIAZ,Viaz Tyres Limited,SM,01-Mar-23,10,INE0MO401019,10,
AGARWALFT,Agarwal Float Glass India Limited,SM,23-Feb-23,10,INE0MLA01012,10,
LRRPL,Lead Reclaim And Rubber Products Limited,ST,21-Feb-23,10,INE0H4B01011,10,
SHERA,Shera Energy Limited,SM,17-Feb-23,10,INE0MM001019,10,
GRCL,Gayatri Rubbers And Chemicals Limited,ST,07-Feb-23,10,INE0LVM01018,10,
ARISTO,Aristo Bio-Tech And Lifescience Limited,ST,30-Jan-23,10,INE082101010,10,
DUCOL,Ducol Organics And Colours Limited,SM,19-Jan-23,10,INE0LZO01015,10,
CMNL,Chaman Metallics Limited,ST,16-Jan-23,10,INE06PV01010,10,
ANLON,Anlon Technology Solutions Limited,SM,10-Jan-23,10,INE0LR101013,10,
RBMINFRA,Rbm Infracon Limited,ST,04-Jan-23,10,INE0NA301016,10,
HOMESFY,Homesfy Realty Limited,SM,02-Jan-23,10,INE0N7F01017,10,
MOXSH,Moxsh Overseas Educon Limited,SM,30-Dec-22,10,INE0N6D01014,10,
ARIHANTACA,Arihant Academy Limited,ST,29-Dec-22,10,INE0NCC01015,10,
UMA,Uma Converter Limited,SM,29-Dec-22,10,INE067901012,10,
DOLLEX,Dollex Agrotech Limited,SM,28-Dec-22,10,INE0JHH01011,10,
ALLETEC,All E Technologies Limited,ST,21-Dec-22,10,INE0M2X01012,10,
ARHAM,Arham Technologies Limited,SM,15-Dec-22,10,INE0L2Y01011,10,
BAHETI,Baheti Recycling Industries Limited,ST,08-Dec-22,10,INE029Q01017,10,
PRITIKA,Pritika Engineering Components Limited,ST,08-Dec-22,10,INE0MJQ01012,10,
AMIABLE,Amiable Logistics (India) Limited,SM,16-Nov-22,10,INE0MTP01013,10,
VITAL,Vital Chemtech Limited,SM,14-Nov-22,10,INE0L4K01016,10,
IPSL,Integrated Personnel Services Limited,ST,11-Nov-22,10,INE02EE01019,10,
RITEZONE,Rite Zone Chemcon India Limited,SM,11-Nov-22,10,INE0MRA01019,10,
PHANTOMFX,Phantom Digital Effects Limited,ST,21-Oct-22,10,INE0MLZ01019,10,
FROG,Frog Cellsat Limited,SM,13-Oct-22,10,INE385O01018,10,
SWASTIK,Swastik Pipe Limited,SM,12-Oct-22,10,INE0DGC01025,10,
QMSMEDI,QMS Medical Allied Services Limited,SM,11-Oct-22,10,INE0FMW01018,10,
LLOYDS,Lloyds Luxuries Limited,SM,11-Oct-22,10,INE0DTQ01028,10,
CMRSL,Cyber Media Research & Services Limited,SM,10-Oct-22,10,INE075Z01011,10,
MAKS,Maks Energy Solutions India Limited,SM,28-Sep-22,10,INE0CDK01019,10,
KANDARP,Kandarp Digi Smart BPO Limited,ST,28-Sep-22,10,INE0MOT01016,10,
CLOUD,Varanium Cloud Limited,ST,27-Sep-22,5,INE0JOO01021,5,
ANNAPURNA,Annapurna Swadisht Limited,SM,27-Sep-22,10,INE0MGM01017,10,
TAPIFRUIT,Tapi Fruit Processing Limited,SM,22-Sep-22,10,INE0M7001010,10,
ISHAN,Ishan International Limited,ST,22-Sep-22,1,INE0LCW01025,1,
SABAR,Sabar Flex India Limited,ST,21-Sep-22,10,INE0DZ101013,10,
MEGAFLEX,Mega Flex Plastics Limited,ST,19-Sep-22,10,INE0G1D01014,10,
VIVIANA,Viviana Power Tech Limited,ST,16-Sep-22,10,INE0MEG01014,10,
JFLLIFE,Jfl Life Sciences Limited,ST,08-Sep-22,10,INE0LA901015,10,
AMEYA,Ameya Precision Engineers Limited,ST,08-Sep-22,10,INE0KT901015,10,
KORE,Jay Jalaram Technologies Limited,ST,08-Sep-22,10,INE0J6801010,10,
VEEKAYEM,Veekayem Fashion and Apparels Limited,ST,22-Aug-22,10,INE0KTW01013,10,
USASEEDS,Upsurge Seeds Of Agriculture Limited,SM,11-Aug-22,10,INE0CBM01019,10,
AGNI,Agni Green Power Limited,SM,01-Aug-22,10,INE0LF301013,10,
SKP,SKP Bearing Industries Limited,SM,13-Jul-22,10,INE0KZA01016,10,
MWL,Mangalam Worldwide Limited,SM,11-Jul-22,10,INE0JYY01011,10,
KCK,Kck Industries Limited,ST,08-Jul-22,2,INE0J1E01027,2,
FIDEL,Fidel Softech Limited,SM,10-Jun-22,10,INE0LQQ01019,10,
RILINFRA,Rachana Infrastructure Limited,ST,10-Jun-22,10,INE02OY01016,10,
GSTL,Globesecure Technologies Limited,SM,02-Jun-22,10,INE00WS01056,10,
SONUINFRA,Sonu Infratech Limited,ST,13-May-22,10,INE0JZA01018,10,
LEMERITE,Le Merite Exports Limited,ST,09-May-22,10,INE0G1L01017,10,
JSLL,Jeena Sikho Lifecare Limited,SM,19-Apr-22,10,INE0J5801011,10,
KRISHNADEF,Krishna Defence and Allied Industries Limited,ST,06-Apr-22,10,INE0J5601015,10,
PROPEQUITY,P. E. Analytics Limited,SM,04-Apr-22,10,INE0KN801013,10,
KRISHIVAL,Krishival Foods Limited,SM,31-Mar-22,10,INE0GGO01015,10,
SWARAJ,Swaraj Suiting Limited,ST,28-Mar-22,10,INE0GMR01016,10,
KNAGRI,KN Agri Resources Limited,ST,28-Mar-22,10,INE0KNW01016,10,
COOLCAPS,Cool Caps Industries Limited,ST,24-Mar-22,10,INE0HS001010,10,
SPRL,Sp Refractories Limited,ST,22-Mar-22,10,INE0JW501011,10,
SHIGAN,Shigan Quantum Technologies Limited,SM,11-Mar-22,10,INE03KJ01013,10,
MADHAVBAUG,Vaidya Sane Ayurved Laboratories Limited,SM,23-Feb-22,10,INE0JR301013,10,
RICHA,Richa Info Systems Limited,SM,21-Feb-22,10,INE0J1P01015,10,
PRECISION,Precision Metaliks Limited,ST,01-Feb-22,10,INE0HKW01018,10,
TIMESCAN,Timescan Logistics (India) Limited,SM,12-Jan-22,10,INE0IJY01014,10,
ABCOTS,A B Cotspin India Limited,ST,11-Jan-22,10,INE08PH01015,10,
VIVO,Vivo Collaboration Solutions Limited,ST,31-Dec-21,10,INE0IA701014,10,
FOCE,Foce India Limited,ST,28-Dec-21,10,INE0I7D01019,10,
EUROBOND,Euro Panel Products Limited,SM,24-Dec-21,10,INE505V01016,10,
NIDAN,Nidan Laboratories and Healthcare Limited,SM,12-Nov-21,10,INE0J6L01013,10,
KOTYARK,Kotyark Industries Limited,SM,02-Nov-21,10,INE0J0B01017,10,
DKEGL,D.K. Enterprises Global Limited,SM,22-Oct-21,10,INE0GN101014,10,
DYNAMIC,Dynamic Services & Security Limited,ST,13-Oct-21,10,INE0DZ701010,10,
DESTINY,Destiny Logistics & Infra Limited,ST,13-Oct-21,10,INE0IGO01011,10,
BMETRICS,Bombay Metrics Supply Chain Limited,SM,12-Oct-21,10,INE0I3Y01014,10,
JAINAM,Jainam Ferro Alloys (I) Limited,ST,08-Oct-21,10,INE02KC01010,10,
QUADPRO,Quadpro Ites Limited,SM,30-Sep-21,2,INE0GOJ01027,2,
BEWLTD,BEW Engineering Limited,ST,16-Sep-21,10,INE0HQI01014,10,
DUGLOBAL,DUDIGITAL GLOBAL LIMITED,SM,26-Aug-21,2,INE0HPK01020,2,
NPST,Network People Services Technologies Limited,SM,10-Aug-21,10,INE0FFK01017,10,
REXPIPES,Rex Pipes And Cables Industries Limited,SM,10-Aug-21,10,INE00D001018,10,
WALPAR,Walpar Nutritions Limited,SM,13-Jul-21,10,INE0G2G01015,10,
AILIMITED,Abhishek Integrations Limited,ST,21-Jun-21,10,INE0CAJ01017,10,
VMARCIND,V Marc India Limited,ST,09-Apr-21,10,INE0GXK01018,10,
SIDDHIKA,Siddhika Coatings Limited,SM,07-Apr-21,10,INE0A1E01018,10,
PARTYCRUS,Party Cruisers Limited,SM,05-Mar-21,10,INE06ZX01015,10,
ASCOM,Ascom Leasing & Investments Limited,ST,06-Dec-19,10,INE08KD01015,10,
GOLDKART,Goldkart Jewels Limited,ST,15-Oct-19,10,INE06MH01016,10,
SHIVAUM,Shiv Aum Steels Limited,ST,01-Oct-19,10,INE719F01016,10,
SECL,Salasar Exteriors and Contour Limited,ST,12-Sep-19,1,INE00Y701026,1,
KHFM,Khfm Hospitality And Facility Management Services Limited,SM,12-Apr-19,10,INE00UG01014,10,
MINDPOOL,Mindpool Technologies Limited,ST,28-Feb-19,10,INE00RQ01019,10,
SURANI,Surani Steel Tubes Limited,ST,06-Feb-19,10,INE01ZJ01015,10,
DRSDILIP,DRS Dilip Roadlines Limited,ST,10-Dec-18,10,INE02CV01017,10,
SHUBHLAXMI,Shubhlaxmi Jewel Art Limited,ST,04-Dec-18,10,INE01Z401013,10,
UWCSL,Ultra Wiring Connectivity System Limited,ST,26-Oct-18,10,INE00F301010,10,
PARIN,Parin Enterprises Limited,ST,09-Oct-18,10,INE00U801010,10,
SPECTRUM,Spectrum Electrical Industries Limited,SM,01-Oct-18,10,INE01EO01010,10,
UCL,Ushanti Colour Chem Limited,SM,02-Aug-18,10,INE00NI01015,10,
AMBANIORGO,AMBANI ORGOCHEM LIMITED,ST,18-Jul-18,10,INE00C501018,10,
JAKHARIA,JAKHARIA FABRIC LIMITED,ST,11-Jul-18,10,INE00N401018,10,
MAHICKRA,Mahickra Chemicals Limited,SM,26-Apr-18,10,INE961Y01015,10,
VERA,Vera Synthetic Limited,ST,12-Apr-18,10,INE709Z01015,10,
CONTI,Continental Seeds and Chemicals Limited,ST,04-Apr-18,10,INE340Z01019,10,
GIRIRAJ,Giriraj Civil Developers Limited,SM,02-Apr-18,10,INE614Z01017,10,
MDL,Marvel Decor Limited,SM,23-Mar-18,10,INE575Z01010,10,
MHHL,Mohini Health & Hygiene Limited,SM,16-Feb-18,10,INE450S01011,10,
AMJUMBO,A and M Jumbo Bags Limited,ST,12-Feb-18,10,INE749Y01014,10,
VASA,Vasa Retail and Overseas Ltd,SM,06-Feb-18,10,INE068Z01016,10,
SOLEX,Solex Energy Limited,SM,05-Feb-18,10,INE880Y01017,10,
SMVD,SMVD Poly Pack Limited,SM,26-Dec-17,10,INE702Y01013,10,
FELIX,Felix Industries Limited,ST,05-Dec-17,10,INE901X01013,10,
PULZ,Pulz Electronics Limited,ST,24-Nov-17,10,INE335X01014,10,
AISL,ANI Integrated Services Limited,ST,20-Nov-17,10,INE635Y01015,10,
MILTON,Milton Industries Limited,SM,16-Oct-17,10,INE376Y01016,10,
OMFURN,Omfurn India Limited,ST,13-Oct-17,10,INE338Y01016,10,
CMMIPL,CMM Infraprojects Limited,SZ,12-Oct-17,10,INE289S01013,10,
BETA,Beta Drugs Limited,SM,12-Oct-17,10,INE351Y01019,10,
GOLDSTAR,Goldstar Power Limited,SM,10-Oct-17,1,INE405Y01021,1,
TIRUPATI,Shree Tirupati Balajee FIBC Limited,SM,05-Oct-17,10,INE238Y01018,10,
RMDRIP,R M Drip and Sprinklers Systems Limited,ST,04-Oct-17,10,INE219Y01018,10,
CADSYS,Cadsys (India) Limited,ST,04-Oct-17,10,INE090Y01013,10,
MPTODAY,Madhya Pradesh Today Media Limited,SM,29-Sep-17,10,INE105Y01019,10,
MANAV,Manav Infra Projects Limited,SM,18-Sep-17,10,INE104Y01012,10,
PASHUPATI,Pashupati Cotspin Limited,ST,08-Sep-17,10,INE124Y01010,10,
TRANSWIND,Transwind Infrastructures Limited,ST,12-Jul-17,10,INE792X01016,10,
ACCORD,Accord Synergy Limited,SM,06-Jul-17,10,INE113X01015,10,
VSCL,Vadivarhe Speciality Chemicals Limited,ST,02-Jun-17,10,INE551Q01028,10,
JALAN,Jalan Transolutions (India) Limited,ST,31-May-17,10,INE349X01015,10,
ASLIND,ASL Industries Limited,SM,18-Apr-17,10,INE617I01024,10,
PROLIFE,Prolife Industries Limited,SM,09-Jan-17,10,INE994V01012,10,
GICL,Globe International Carriers Limited,SM,19-Oct-16,10,INE947T01014,10,
DRL,Dhanuka Realty Limited,SM,18-Oct-16,10,INE704V01015,10,
AURDIS,Aurangabad Distillery Limited,SM,17-Oct-16,10,INE448V01019,10,
GRETEX,Gretex Industries Limited,ST,14-Oct-16,10,INE985P01012,10,
JETKNIT,Jet Knitwears Limited,ST,07-Oct-16,10,INE564T01017,10,
AVSL,AVSL Industries Limited,ST,06-Oct-16,10,INE522V01011,10,
KKVAPOW,KKV Agro Powers Limited,ST,15-Jul-16,10,INE239T01016,10,
PERFECT,Perfect Infraengineers Limited,ST,20-Nov-15,10,INE925S01012,10,
AHIMSA,Ahimsa Industries Limited,ST,15-Oct-15,10,INE136T01014,10,
SHAIVAL,Shaival Reality Limited,ST,01-Oct-15,10,INE262S01010,10,
EMKAYTOOLS,Emkay Taps and Cutting Tools Limited,SM,13-Aug-15,10,INE332S01011,10,
